"species","lat","lon","sitename","date","canopy_cover","uid"
"Carduus pycnocephalus L.",37.08,-119.72,"SJER_SJER_022_32.2.1",2019-04-10,2,"6b25c42f-6403-4465-82df-5e868b07e7fc"
"Silene gallica L.",37.08,-119.72,"SJER_SJER_015_31.1.1",2019-04-10,1,"e824e1ab-74f2-4848-ae3c-885455f259ec"
"Bromus diandrus Roth",37.08,-119.72,"SJER_SJER_015_31.1.1",2019-04-10,0.5,"28a67208-4ff3-45f1-a507-0bd6a53edc64"
"Erodium botrys (Cav.) Bertol.",37.08,-119.72,"SJER_SJER_015_31.1.1",2019-04-10,8,"b832148b-24a5-4745-b409-73f2f3b7b270"
"Avena barbata Pott ex Link",37.08,-119.72,"SJER_SJER_015_31.1.1",2019-04-10,3,"7ebc0308-b4e1-43e4-ad89-917914297799"
"Carduus pycnocephalus L.",37.08,-119.72,"SJER_SJER_022_32.4.1",2019-04-10,3,"015ef93d-2bc8-428c-9266-6f78f4e3cd75"
"Bromus hordeaceus L.",37.08,-119.72,"SJER_SJER_022_32.4.1",2019-04-10,1,"e881cc69-98d0-4abf-9993-46b5eca5afae"
"Capsella bursa-pastoris (L.) Medik.",37.08,-119.72,"SJER_SJER_022_32.4.1",2019-04-10,0.5,"e5dad291-6e33-4daa-9cd4-6856c2cb43e2"
"Hypochaeris glabra L.",37.08,-119.72,"SJER_SJER_022_32.2.1",2019-04-10,7,"ce6e38f9-ec61-4203-8f71-ec7847f04fb2"
"Stellaria media (L.) Vill.",37.08,-119.72,"SJER_SJER_022_32.4.1",2019-04-10,6,"234cb711-d843-4277-b0da-9417c04db4bd"
"Cerastium glomeratum Thuill.",37.08,-119.72,"SJER_SJER_022_32.4.1",2019-04-10,7,"fb6547f8-7afd-4a14-a7d5-c1525fffba7c"
"Aira caryophyllea L.",37.08,-119.72,"SJER_SJER_022_32.2.1",2019-04-10,0.5,"0a6af332-9dc7-4bbe-a179-ebcb3dc86484"
"Amsinckia menziesii (Lehm.) A. Nelson & J.F. Macbr.",37.08,-119.72,"SJER_SJER_022_32.2.1",2019-04-10,1,"f45cc8ab-ff24-44c0-9266-5935477be6f7"
"Calandrinia ciliata (Ruiz & Pav.) DC.",37.08,-119.72,"SJER_SJER_015_31.1.1",2019-04-10,1,"33d3db54-814e-4dd0-ae28-b53e3fcff5f3"
"Castilleja attenuata (A. Gray) T.I. Chuang & Heckard",37.08,-119.72,"SJER_SJER_022_32.2.1",2019-04-10,0.5,"284393ba-9e5c-48ea-b29b-401bc6a87507"
"Castilleja attenuata (A. Gray) T.I. Chuang & Heckard",37.08,-119.72,"SJER_SJER_015_31.1.1",2019-04-10,0.5,"22e15fff-3f3a-4baa-94e1-e3bf633e149f"
"Erodium botrys (Cav.) Bertol.",37.08,-119.72,"SJER_SJER_022_32.2.1",2019-04-10,11,"0d9fe2de-314d-41ae-87b3-0488bf98f5b6"
"Bromus hordeaceus L.",37.08,-119.72,"SJER_SJER_022_32.2.1",2019-04-10,20,"375166fd-e30b-4314-a875-f39050ea3fb0"
"Bromus hordeaceus L.",37.08,-119.72,"SJER_SJER_015_31.1.1",2019-04-10,30,"889f8af6-52a2-49ad-b830-355b57739597"
"Cerastium glomeratum Thuill.",37.08,-119.72,"SJER_SJER_022_32.2.1",2019-04-10,3,"63610b34-b239-437f-a3d6-60085af4efb9"
"Hypochaeris glabra L.",37.08,-119.72,"SJER_SJER_015_31.1.1",2019-04-10,8,"e0cdfc79-d2a8-4293-ab19-7010c371cec9"
"Gilia tricolor Benth.",37.08,-119.72,"SJER_SJER_015_31.1.1",2019-04-10,4,"f959e520-6ad0-40c6-a1f8-fa60285c3fa1"
"Bromus rubens L.",37.08,-119.72,"SJER_SJER_015_40.1.1",2019-04-15,2,"131e5ebf-848a-4924-8d36-42876fb5357f"
"Gilia tricolor Benth.",37.08,-119.72,"SJER_SJER_015_40.1.1",2019-04-15,25,"5985cf05-8b04-4770-85f5-894f8e8681d1"
"Bromus hordeaceus L.",37.08,-119.72,"SJER_SJER_015_32.4.1",2019-04-15,45,"24d4983f-dd9b-4fe5-a5db-6abf66482ed4"
"Hypochaeris glabra L.",37.08,-119.72,"SJER_SJER_015_40.3.1",2019-04-15,8,"677b4dc2-a7e0-4690-a1b8-98afa4106179"
"Trifolium microcephalum Pursh",37.08,-119.72,"SJER_SJER_015_32.4.1",2019-04-15,3,"4c39d0cc-ec7e-4f13-82b9-887758dc6f13"
"Galium aparine L.",37.08,-119.72,"SJER_SJER_015_32.2.1",2019-04-15,1,"dead9546-8520-43d4-8bee-c189e2de9f9f"
"Bromus diandrus Roth",37.08,-119.72,"SJER_SJER_015_40.1.1",2019-04-15,0.5,"d13aed99-605e-4367-89c0-b4e1e88a3dc2"
"Avena barbata Pott ex Link",37.08,-119.72,"SJER_SJER_015_41.4.1",2019-04-15,1,"fe178a90-dd44-4c0b-ad34-15a29b6a34b1"
"Bromus rubens L.",37.08,-119.72,"SJER_SJER_015_40.3.1",2019-04-15,3,"dde1ffc5-f814-44bd-beaf-2da72d82bf7d"
"Erodium botrys (Cav.) Bertol.",37.08,-119.72,"SJER_SJER_015_40.1.1",2019-04-15,2,"96bf4ec1-31d4-4273-a4e4-7ef1998bb378"
"Silene gallica L.",37.08,-119.72,"SJER_SJER_015_41.4.1",2019-04-15,0.5,"6426ff10-d7d4-4ebb-bd4f-ad6079cb47c9"
"Silene gallica L.",37.08,-119.72,"SJER_SJER_015_32.2.1",2019-04-15,0.5,"d0d0d920-7137-47f0-88e2-09e78732d226"
"Lupinus bicolor Lindl.",37.08,-119.72,"SJER_SJER_015_32.2.1",2019-04-15,0.5,"2415eeeb-418e-4fe2-86ba-4c4121667ae3"
"Lupinus bicolor Lindl.",37.08,-119.72,"SJER_SJER_015_40.3.1",2019-04-15,2,"663cbf69-43b4-40a5-84a8-e38c703f5819"
"Erodium botrys (Cav.) Bertol.",37.08,-119.72,"SJER_SJER_015_40.3.1",2019-04-15,8,"d07bbb7d-3bcb-4df7-8a28-2e21eb3b0041"
"Plagiobothrys nothofulvus (A. Gray) A. Gray",37.08,-119.72,"SJER_SJER_015_32.4.1",2019-04-15,2,"ceddab84-baca-4d34-9076-30e58c4fa29e"
"Bromus diandrus Roth",37.08,-119.72,"SJER_SJER_015_32.4.1",2019-04-15,2,"bd385e0e-998f-4f2e-9904-8f3ca23e9efc"
"Plagiobothrys nothofulvus (A. Gray) A. Gray",37.08,-119.72,"SJER_SJER_015_40.3.1",2019-04-15,1,"cff2b7f8-1624-4fe3-96dc-5911ba114492"
"Erodium botrys (Cav.) Bertol.",37.08,-119.72,"SJER_SJER_015_32.4.1",2019-04-15,20,"1fa48e9d-7eff-458e-ac47-169b1ed976fb"
"Bromus diandrus Roth",37.08,-119.72,"SJER_SJER_015_41.4.1",2019-04-15,0.5,"304ad364-c3ed-4fd3-a24b-9aca1559cc54"
"Avena barbata Pott ex Link",37.08,-119.72,"SJER_SJER_015_32.4.1",2019-04-15,0.5,"5cedeef1-ce2c-4b3b-a879-51a2973d4b95"
"Castilleja attenuata (A. Gray) T.I. Chuang & Heckard",37.08,-119.72,"SJER_SJER_015_40.1.1",2019-04-15,1,"fa4d732c-e4db-4862-98d2-ab45ba1d5676"
"Trifolium microcephalum Pursh",37.08,-119.72,"SJER_SJER_015_32.2.1",2019-04-15,18,"a6854e2f-9f67-4faa-ad70-276645ca0554"
"Bromus hordeaceus L.",37.08,-119.72,"SJER_SJER_015_41.4.1",2019-04-15,10,"6381f9fe-72cd-4933-a60d-889cfde6b7ce"
"Aira caryophyllea L.",37.08,-119.72,"SJER_SJER_015_40.1.1",2019-04-15,1,"c0d8ddcc-0ca0-400c-9533-874b316497df"
"Hypochaeris glabra L.",37.08,-119.72,"SJER_SJER_015_32.2.1",2019-04-15,4,"1c267ed9-9c29-4c48-9548-d1ed0d832947"
"Hypochaeris glabra L.",37.08,-119.72,"SJER_SJER_015_41.4.1",2019-04-15,1,"c0e44ce9-3253-451f-985e-eac34a92bfca"
"Oxalis radicosa A. Rich.",37.08,-119.72,"SJER_SJER_015_41.4.1",2019-04-15,4,"26d89c54-16cb-45d1-8425-c7074204f570"
"Hypochaeris glabra L.",37.08,-119.72,"SJER_SJER_015_32.4.1",2019-04-15,2,"9559c363-bfbb-4a7d-af3c-66c23d057f50"
"Calandrinia ciliata (Ruiz & Pav.) DC.",37.08,-119.72,"SJER_SJER_015_40.1.1",2019-04-15,2,"f0fd0b11-87fb-41f2-acc5-f64aa534acf6"
"Croton setigerus Hook.",37.08,-119.72,"SJER_SJER_015_40.3.1",2019-04-15,0.5,"9613540e-877e-4af7-a1cd-fb745c36bf1e"
"Bromus rubens L.",37.08,-119.72,"SJER_SJER_015_41.4.1",2019-04-15,1,"e7568e4a-a8e6-434f-852b-dd0399de88d2"
"Bromus hordeaceus L.",37.08,-119.72,"SJER_SJER_015_40.1.1",2019-04-15,2,"f9b8d33f-5030-493f-a614-451d8b78ad8a"
"Croton setigerus Hook.",37.08,-119.72,"SJER_SJER_015_32.4.1",2019-04-15,0.5,"c8697f50-cc89-40f0-81fd-0a9b181de6fd"
"Amsinckia menziesii (Lehm.) A. Nelson & J.F. Macbr.",37.08,-119.72,"SJER_SJER_015_32.2.1",2019-04-15,0.5,"c209467a-ebdd-4c4f-93d8-0b1aea392bc7"
"Pterostegia drymarioides Fisch. & C.A. Mey.",37.08,-119.72,"SJER_SJER_015_41.4.1",2019-04-15,0.5,"73abf09c-e065-48ba-be4a-c7228b68ec44"
"Aira caryophyllea L.",37.08,-119.72,"SJER_SJER_015_41.4.1",2019-04-15,12,"b7278388-34a3-4bb2-a32d-48c411df881e"
"Cerastium glomeratum Thuill.",37.08,-119.72,"SJER_SJER_015_32.2.1",2019-04-15,1,"de72a484-338d-43f9-89c2-ed2730dc9b28"
"Bromus hordeaceus L.",37.08,-119.72,"SJER_SJER_015_40.3.1",2019-04-15,4,"6b5f2ca9-2569-49a6-8a70-0eb4882f949b"
"Castilleja attenuata (A. Gray) T.I. Chuang & Heckard",37.08,-119.72,"SJER_SJER_015_40.3.1",2019-04-15,5,"a2c7faad-3ee1-4e7c-b573-41648b041355"
"Erodium botrys (Cav.) Bertol.",37.08,-119.72,"SJER_SJER_015_41.4.1",2019-04-15,3,"b3ec4ef1-7893-4b11-a7f4-2f5b5f66b777"
"Avena barbata Pott ex Link",37.08,-119.72,"SJER_SJER_015_40.1.1",2019-04-15,0.5,"b7d9ed66-06b6-4f32-bcfb-4462eb8e6f4a"
"Silene gallica L.",37.08,-119.72,"SJER_SJER_015_32.4.1",2019-04-15,0.5,"b04232a2-d0fe-422e-9769-a0638f0e3f69"
"Erodium botrys (Cav.) Bertol.",37.08,-119.72,"SJER_SJER_015_32.2.1",2019-04-15,6,"3548305a-37ca-427f-8dd1-3062c709fb84"
"Bromus hordeaceus L.",37.08,-119.72,"SJER_SJER_015_32.2.1",2019-04-15,35,"2d73e041-b159-460b-a390-e3d669e9ef62"
"Hypochaeris glabra L.",37.08,-119.72,"SJER_SJER_015_40.1.1",2019-04-15,10,"14859163-ace7-4fb6-8fbf-c614fe0bf8b4"
"Bromus tectorum L.",37.08,-119.72,"SJER_SJER_014_31.1.1",2019-04-16,0.5,"f4afc9ff-71cf-4e65-bc62-74e853434c26"
"Carduus pycnocephalus L.",37.08,-119.72,"SJER_SJER_014_40.3.1",2019-04-16,0.5,"597f8442-7edc-4534-a28e-8689472a5ec4"
"Avena barbata Pott ex Link",37.08,-119.72,"SJER_SJER_014_31.1.1",2019-04-16,1,"d6e7b593-2cf2-4cd0-830d-331c47570d32"
"Hordeum murinum L.",37.08,-119.72,"SJER_SJER_014_32.4.1",2019-04-16,0.5,"b26d66fa-2d56-469e-9e8c-e29254b2b2c7"
"Croton setigerus Hook.",37.08,-119.72,"SJER_SJER_014_40.1.1",2019-04-16,1,"444b96cf-6b81-4d06-abfb-212ee528a92a"
"Croton setigerus Hook.",37.08,-119.72,"SJER_SJER_014_40.3.1",2019-04-16,0.5,"5da75362-696d-495c-a05c-bd422d956ace"
"Pterostegia drymarioides Fisch. & C.A. Mey.",37.08,-119.72,"SJER_SJER_014_40.1.1",2019-04-16,1,"c03fb9b0-a04c-46cb-8c55-0fada78e44f6"
"Bromus diandrus Roth",37.08,-119.72,"SJER_SJER_014_32.4.1",2019-04-16,40,"47c4457a-8321-434f-86eb-c7fa33b3934c"
"Quercus wislizeni A. DC.",37.08,-119.72,"SJER_SJER_014_41.4.1",2019-04-16,0.5,"fe66d09b-bf24-4bd5-b11c-24d5e7fc594a"
"Silene gallica L.",37.08,-119.72,"SJER_SJER_014_32.4.1",2019-04-16,0.5,"bf95cc89-c18e-4d07-a944-0700c9941446"
"Stellaria media (L.) Vill.",37.08,-119.72,"SJER_SJER_014_32.4.1",2019-04-16,1,"04e59fdd-5577-4a45-8079-832ddb355585"
"Trifolium microcephalum Pursh",37.08,-119.72,"SJER_SJER_014_31.1.1",2019-04-16,0.5,"1ac9bd84-5e19-4b33-adf1-ad104995de46"
"Croton setigerus Hook.",37.08,-119.72,"SJER_SJER_014_31.1.1",2019-04-16,2,"a81833b9-a183-4a7b-8157-874d48e93f63"
"Hypochaeris glabra L.",37.08,-119.72,"SJER_SJER_014_31.1.1",2019-04-16,3,"7a2fcaab-050c-4beb-96c2-6399b35c0096"
"Croton setigerus Hook.",37.08,-119.72,"SJER_SJER_014_32.2.1",2019-04-16,0.5,"dbc9b98e-201a-4379-a4d9-8f7674c8b18f"
"Bromus arenarius Labill.",37.08,-119.72,"SJER_SJER_014_32.2.1",2019-04-16,1,"d0df7387-4817-40f6-abc1-5f241e3b709b"
"Trifolium microcephalum Pursh",37.08,-119.72,"SJER_SJER_014_41.4.1",2019-04-16,0.5,"e07c7efe-e827-4e52-8ed4-20fb908fb82f"
"Bromus hordeaceus L.",37.08,-119.72,"SJER_SJER_014_31.1.1",2019-04-16,8,"ebe5143c-eb73-4ff4-a59d-6490ca703119"
"Trifolium macrocephalum (Pursh) Poir.",37.08,-119.72,"SJER_SJER_014_40.1.1",2019-04-16,2,"9a20bb9e-ed8f-437e-b43a-bd29bd99c8a4"
"Erodium botrys (Cav.) Bertol.",37.08,-119.72,"SJER_SJER_014_40.1.1",2019-04-16,10,"8cca6ccc-98d3-4954-92b7-d279adb70698"
"Bromus rubens L.",37.08,-119.72,"SJER_SJER_014_40.3.1",2019-04-16,6,"6a3b4f19-97f6-4d63-9108-68fedc33d500"
"Quercus wislizeni A. DC.",37.08,-119.72,"SJER_SJER_014_40.3.1",2019-04-16,0.5,"c2a44907-c369-400a-961f-ec7ea2951d00"
"Oxalis radicosa A. Rich.",37.08,-119.72,"SJER_SJER_014_31.1.1",2019-04-16,3,"c25e730f-921e-473a-9665-04ab9862614f"
"Avena barbata Pott ex Link",37.08,-119.72,"SJER_SJER_014_40.3.1",2019-04-16,1,"12b37af0-a513-41b0-bc6b-98d5f98e090c"
"Bromus rubens L.",37.08,-119.72,"SJER_SJER_014_40.1.1",2019-04-16,2,"bfdf83f7-a548-42ce-a599-f1e6028cc1bb"
"Erodium botrys (Cav.) Bertol.",37.08,-119.72,"SJER_SJER_014_32.2.1",2019-04-16,6,"fd9eb9ec-20b7-4fb9-a814-a24f0479394f"
"Bromus rubens L.",37.08,-119.72,"SJER_SJER_014_32.2.1",2019-04-16,4,"e87e1111-7c93-4490-9518-3763745c26a6"
"Bromus diandrus Roth",37.08,-119.72,"SJER_SJER_014_32.2.1",2019-04-16,5,"c7281645-d84f-4a66-a175-f9c98bde20c9"
"Hypochaeris glabra L.",37.08,-119.72,"SJER_SJER_014_32.2.1",2019-04-16,2,"905d51da-958a-4f81-a53e-c0b93c53ab5a"
"Bromus tectorum L.",37.08,-119.72,"SJER_SJER_014_40.1.1",2019-04-16,1,"da39334a-6500-40a9-808a-e9a9c40144e0"
"Bromus arenarius Labill.",37.08,-119.72,"SJER_SJER_014_31.1.1",2019-04-16,0.5,"18e2a080-f7d6-406d-8a39-876ed1f6c932"
"Silene gallica L.",37.08,-119.72,"SJER_SJER_014_40.3.1",2019-04-16,1,"2f2c272a-0c63-4976-be04-40877fcfeac9"
"Bromus diandrus Roth",37.08,-119.72,"SJER_SJER_014_40.3.1",2019-04-16,1,"93799ee5-d10d-49e2-af24-144053cf9619"
"Galium aparine L.",37.08,-119.72,"SJER_SJER_014_32.4.1",2019-04-16,3,"488a3d5a-0ee8-46c9-999c-b63e90fe8035"
"Pterostegia drymarioides Fisch. & C.A. Mey.",37.08,-119.72,"SJER_SJER_014_41.4.1",2019-04-16,6,"c5c42c37-6105-434f-b649-a5dd948ac5d7"
"Senecio vulgaris L.",37.08,-119.72,"SJER_SJER_014_32.4.1",2019-04-16,0.5,"3f8cefdf-df39-4f8b-b5a0-2ca24347f0dd"
"Phacelia cicutaria Greene",37.08,-119.72,"SJER_SJER_014_41.4.1",2019-04-16,6,"7705e317-5c35-4f4d-8f31-005b240f313e"
"Avena barbata Pott ex Link",37.08,-119.72,"SJER_SJER_014_40.1.1",2019-04-16,1,"ff4c520e-23bc-4945-b6b9-c3d8d1afb634"
"Caulanthus coulteri S. Watson",37.08,-119.72,"SJER_SJER_014_40.3.1",2019-04-16,1,"ba3f2bf5-1529-43c3-b728-5effb2f43b62"
"Calandrinia ciliata (Ruiz & Pav.) DC.",37.08,-119.72,"SJER_SJER_014_32.2.1",2019-04-16,0.5,"e807f6b4-de59-4b7b-8ca3-e3d44a7033dc"
"Carduus pycnocephalus L.",37.08,-119.72,"SJER_SJER_014_41.4.1",2019-04-16,3,"1125e4a2-8420-499f-9e3a-21372cd720e1"
"Senecio vulgaris L.",37.08,-119.72,"SJER_SJER_014_32.2.1",2019-04-16,0.5,"fd65709e-355f-4b12-9999-90f418b0dbe5"
"Bromus hordeaceus L.",37.08,-119.72,"SJER_SJER_014_41.4.1",2019-04-16,10,"7f23a570-5551-4bbb-833a-b02b9430cc39"
"Erodium botrys (Cav.) Bertol.",37.08,-119.72,"SJER_SJER_014_31.1.1",2019-04-16,1,"852dd453-0a75-46ba-9cfa-a0d3849746dd"
"Hypochaeris glabra L.",37.08,-119.72,"SJER_SJER_014_32.4.1",2019-04-16,2,"7b69ce21-662b-4e66-9664-cb0e750b3943"
"Phacelia cicutaria Greene",37.08,-119.72,"SJER_SJER_014_40.3.1",2019-04-16,4,"573fab1f-029a-4ab1-b3ad-5667236c7a2f"
"Avena barbata Pott ex Link",37.08,-119.72,"SJER_SJER_014_32.4.1",2019-04-16,1,"a4c250b5-f53a-415a-9d96-24b24345bcdc"
"Lupinus benthamii A. Heller",37.08,-119.72,"SJER_SJER_014_32.2.1",2019-04-16,0.5,"0d9e8f32-0869-4984-9b1a-85b427ce8f1a"
"Carduus pycnocephalus L.",37.08,-119.72,"SJER_SJER_014_32.4.1",2019-04-16,2,"5ce456c8-3f8b-458b-86cc-6182eea70e0f"
"Hypochaeris glabra L.",37.08,-119.72,"SJER_SJER_014_40.3.1",2019-04-16,2,"36ae3219-4503-4c70-bb50-5f9e798729b4"
"Silene gallica L.",37.08,-119.72,"SJER_SJER_014_40.1.1",2019-04-16,2,"5d23388a-9ca8-4b9c-876b-65fd91fde600"
"Hypochaeris glabra L.",37.08,-119.72,"SJER_SJER_014_41.4.1",2019-04-16,1,"29cd34f5-2164-402e-8ace-97ac2097f81c"
"Pterostegia drymarioides Fisch. & C.A. Mey.",37.08,-119.72,"SJER_SJER_014_40.3.1",2019-04-16,1,"ffd671c9-c884-4701-ace4-cd2295ba9360"
"Pterostegia drymarioides Fisch. & C.A. Mey.",37.08,-119.72,"SJER_SJER_014_32.4.1",2019-04-16,0.5,"1db6f459-dfa3-489d-a447-a13465825211"
"Silene gallica L.",37.08,-119.72,"SJER_SJER_014_32.2.1",2019-04-16,2,"8ec0610a-14b3-46d7-a875-c245f6842ab5"
"Centaurea melitensis L.",37.08,-119.72,"SJER_SJER_014_40.3.1",2019-04-16,7,"2daf6050-eb1c-4761-b46c-fc58ff707859"
"Bromus diandrus Roth",37.08,-119.72,"SJER_SJER_014_41.4.1",2019-04-16,25,"279e426e-a843-4cdc-958d-d354dd7ae656"
"Bromus rubens L.",37.08,-119.72,"SJER_SJER_014_41.4.1",2019-04-16,5,"08277355-171a-47f8-9807-e40f58899556"
"Silene gallica L.",37.08,-119.72,"SJER_SJER_014_31.1.1",2019-04-16,1,"c9825b71-7472-4602-bc1a-a007a89fc376"
"Trifolium microcephalum Pursh",37.08,-119.72,"SJER_SJER_014_40.3.1",2019-04-16,1,"a0ab6efa-a968-40a6-806a-57b08a4d543e"
"Calandrinia ciliata (Ruiz & Pav.) DC.",37.08,-119.72,"SJER_SJER_014_40.1.1",2019-04-16,0.5,"619e8600-f23c-4edc-9d76-b21fbbec32e7"
"Bromus hordeaceus L.",37.11,-119.72,"SJER_SJER_001_40.3.1",2019-04-22,20,"22f60dfa-17ad-4500-838b-d84577738fec"
"Bromus hordeaceus L.",37.11,-119.72,"SJER_SJER_001_41.4.1",2019-04-22,18,"f0bae820-e775-4cdd-b22e-0983210578ea"
"Erodium cicutarium (L.) L'Hér. ex Aiton",37.11,-119.72,"SJER_SJER_001_31.1.1",2019-04-22,11,"54b34171-cd41-4994-aa51-457c9b574121"
"Bromus tectorum L.",37.11,-119.72,"SJER_SJER_001_41.4.1",2019-04-22,2,"d769d80c-b8dc-4c5b-9a4b-e7ff3220d472"
"Trifolium willdenovii Spreng.",37.11,-119.72,"SJER_SJER_001_31.1.1",2019-04-22,0.5,"23199f90-0035-4878-93b2-6faf4fd57dbb"
"Bromus hordeaceus L.",37.11,-119.72,"SJER_SJER_001_31.1.1",2019-04-22,35,"8d62e538-69c9-4839-bbc9-2445fd222dc8"
"Plagiobothrys nothofulvus (A. Gray) A. Gray",37.11,-119.72,"SJER_SJER_001_40.3.1",2019-04-22,1,"4c066438-5135-48c1-b83f-ff9335c548d3"
"Trifolium microcephalum Pursh",37.11,-119.72,"SJER_SJER_001_31.1.1",2019-04-22,3,"0100f2c6-4522-474f-923c-ab5aa9b96637"
"Bromus diandrus Roth",37.11,-119.72,"SJER_SJER_001_40.3.1",2019-04-22,2,"efb75e7a-2354-4902-a73f-32d70a053f6d"
"Hypochaeris glabra L.",37.11,-119.72,"SJER_SJER_001_40.1.1",2019-04-22,7,"3fcfa7c9-3ab4-4dba-9465-e7f9089c36bc"
"Bromus rubens L.",37.11,-119.72,"SJER_SJER_001_40.3.1",2019-04-22,0.5,"aa48e5c6-7598-40c3-850b-f3278ad82312"
"Avena barbata Pott ex Link",37.11,-119.72,"SJER_SJER_001_40.1.1",2019-04-22,0.5,"a73e584c-6e54-4cd8-bd02-51deb52d8b09"
"Bromus hordeaceus L.",37.11,-119.72,"SJER_SJER_001_40.1.1",2019-04-22,17,"e0b5d8d3-6c37-4608-83cd-a3a3a5b8e340"
"Plagiobothrys nothofulvus (A. Gray) A. Gray",37.11,-119.72,"SJER_SJER_001_41.4.1",2019-04-22,0.5,"b77fe7b4-5458-48f7-b580-bf522fcdf09f"
"Trifolium willdenovii Spreng.",37.11,-119.72,"SJER_SJER_001_40.1.1",2019-04-22,20,"45e114c5-774d-4762-9171-bbbed757cc3d"
"Lupinus bicolor Lindl.",37.11,-119.72,"SJER_SJER_001_41.4.1",2019-04-22,0.5,"83e094b9-2e56-450a-8a8f-258ebd14b156"
"Bromus diandrus Roth",37.11,-119.72,"SJER_SJER_001_41.4.1",2019-04-22,1,"f07349bb-c747-41f5-976d-ad5f51741c3d"
"Silene gallica L.",37.11,-119.72,"SJER_SJER_001_40.3.1",2019-04-22,0.5,"481bef7d-b25a-4461-8b6c-18164b486b50"
"Trifolium microcephalum Pursh",37.11,-119.72,"SJER_SJER_001_41.4.1",2019-04-22,2,"814858b2-11df-4559-b777-80c70dd903f0"
"Trifolium microcephalum Pursh",37.11,-119.72,"SJER_SJER_001_40.1.1",2019-04-22,4,"8cdc3d8b-942a-4fd7-a6fb-88e4aba6d835"
"Aira caryophyllea L.",37.11,-119.72,"SJER_SJER_001_40.1.1",2019-04-22,7,"b702d0ef-bba0-4469-a4c8-3dbd4eeba961"
"Avena barbata Pott ex Link",37.11,-119.72,"SJER_SJER_001_40.3.1",2019-04-22,1,"2a8e5d4b-7184-4e31-8534-066e06b26180"
"Calandrinia ciliata (Ruiz & Pav.) DC.",37.11,-119.72,"SJER_SJER_001_31.1.1",2019-04-22,2,"70b97a6b-bfee-455b-bd84-377ca590ea43"
"Lolium perenne L.",37.11,-119.72,"SJER_SJER_001_40.1.1",2019-04-22,0.5,"3a3bc9f5-0fc8-4a37-8cc2-429d5288a1cc"
"Avena barbata Pott ex Link",37.11,-119.72,"SJER_SJER_001_31.1.1",2019-04-22,0.5,"82c1f014-93eb-4028-9fd4-065a3d1459ee"
"Erodium botrys (Cav.) Bertol.",37.11,-119.72,"SJER_SJER_001_41.4.1",2019-04-22,10,"2b7e73ef-26bd-410f-b5d5-07f42f29d58d"
"Bromus diandrus Roth",37.11,-119.72,"SJER_SJER_001_40.1.1",2019-04-22,0.5,"ffc464ef-48a3-4535-91a8-d45ddab4ce17"
"Trifolium ciliolatum Benth.",37.11,-119.72,"SJER_SJER_001_41.4.1",2019-04-22,1,"c2dd8348-71f9-4f0c-897e-ae95044d3cff"
"Erodium botrys (Cav.) Bertol.",37.11,-119.72,"SJER_SJER_001_40.3.1",2019-04-22,35,"3803c038-c506-4735-ad81-92393da63e79"
"Hypochaeris glabra L.",37.11,-119.72,"SJER_SJER_001_31.1.1",2019-04-22,20,"d8188ae7-459e-423e-afd7-8976ade62c0e"
"Erodium botrys (Cav.) Bertol.",37.11,-119.72,"SJER_SJER_001_31.1.1",2019-04-22,3,"00006797-0dfd-4c3a-8ae7-321a176909cf"
"Hypochaeris glabra L.",37.11,-119.72,"SJER_SJER_001_41.4.1",2019-04-22,3,"e2b6b74e-aae1-4ab7-9384-05c19248dcd3"
"Avena barbata Pott ex Link",37.11,-119.72,"SJER_SJER_001_41.4.1",2019-04-22,0.5,"50b033f7-feac-4233-9695-47bfbab6a190"
"Silene gallica L.",37.11,-119.72,"SJER_SJER_001_41.4.1",2019-04-22,3,"4510544d-fcae-4d61-988c-053b260fd5ec"
"Erodium botrys (Cav.) Bertol.",37.11,-119.72,"SJER_SJER_001_40.1.1",2019-04-22,3,"028b0e02-e217-4f59-a8c8-d403a8699345"
"Muilla maritima (Torr.) S. Watson",37.11,-119.72,"SJER_SJER_001_41.4.1",2019-04-22,1,"fe79ccbb-8ce1-4295-a181-c750eeb73365"
"Stellaria media (L.) Vill.",37.11,-119.72,"SJER_SJER_001_32.2.1",2019-04-23,0.5,"ff16d0b8-fb58-470e-81f0-1f0d92392a93"
"Trifolium ciliolatum Benth.",37.11,-119.72,"SJER_SJER_001_32.4.1",2019-04-23,1,"9eedcc35-405e-4b02-a273-a47dbbe56b9a"
"Plagiobothrys nothofulvus (A. Gray) A. Gray",37.08,-119.74,"SJER_SJER_002_31.1.1",2019-04-23,0.5,"f9e36f28-654a-4067-9b85-a066337b5303"
"Erodium botrys (Cav.) Bertol.",37.11,-119.72,"SJER_SJER_001_32.4.1",2019-04-23,18,"1a46e478-3be8-4a8e-b745-a5c8dbef70a5"
"Hypochaeris glabra L.",37.08,-119.74,"SJER_SJER_002_31.1.1",2019-04-23,10,"a10507e4-c7db-402f-89e4-2bb749c0e081"
"Hypochaeris glabra L.",37.08,-119.74,"SJER_SJER_002_40.3.1",2019-04-23,7,"6958f5ab-135a-408e-821b-96c82741f017"
"Avena barbata Pott ex Link",37.08,-119.74,"SJER_SJER_002_32.4.1",2019-04-23,0.5,"839b6835-6e67-4fac-8fc6-82b495cb23d2"
"Avena barbata Pott ex Link",37.08,-119.74,"SJER_SJER_002_40.3.1",2019-04-23,0.5,"18d9ff46-904d-4cf1-9490-a271bf36329b"
"Trifolium microcephalum Pursh",37.08,-119.74,"SJER_SJER_002_40.3.1",2019-04-23,0.5,"6daf4848-f37e-4841-92cb-b8a02a6d877b"
"Erodium botrys (Cav.) Bertol.",37.08,-119.74,"SJER_SJER_002_31.1.1",2019-04-23,5,"d824037a-4529-49b2-a78c-fab52470584b"
"Avena barbata Pott ex Link",37.08,-119.74,"SJER_SJER_002_32.2.1",2019-04-23,0.5,"47485767-5e18-4b19-9aab-8d920846f4b4"
"Hypochaeris glabra L.",37.08,-119.74,"SJER_SJER_002_32.4.1",2019-04-23,12,"2631e7c1-ca30-4116-8cc5-4ea93059bf4a"
"Bromus diandrus Roth",37.08,-119.74,"SJER_SJER_002_41.4.1",2019-04-23,0.5,"9fb723b7-95af-48ae-afe6-35200f40a0ff"
"Trifolium microcephalum Pursh",37.11,-119.72,"SJER_SJER_001_32.4.1",2019-04-23,0.5,"966f7ec9-d6f8-4b90-a4d4-afcbf18bf8f4"
"Bromus hordeaceus L.",37.08,-119.74,"SJER_SJER_002_32.2.1",2019-04-23,2,"0e349d62-6c9f-48e5-a923-0b8c8b6f8f4d"
"Amsinckia menziesii (Lehm.) A. Nelson & J.F. Macbr.",37.08,-119.74,"SJER_SJER_002_40.1.1",2019-04-23,4,"e351cae3-1a64-493f-a104-f7233108200b"
"Lupinus benthamii A. Heller",37.08,-119.74,"SJER_SJER_002_32.4.1",2019-04-23,4,"89e2c141-2f3c-425f-8606-bf0dab345d52"
"Clarkia purpurea (W. Curtis) A. Nelson & J.F. Macbr.",37.08,-119.74,"SJER_SJER_002_32.4.1",2019-04-23,1,"2d3962ab-754f-4016-8431-2391de02a473"
"Hypochaeris glabra L.",37.08,-119.74,"SJER_SJER_002_41.4.1",2019-04-23,3,"7db83acd-2107-4c1e-9f5c-f0ba5922201c"
"Bromus diandrus Roth",37.11,-119.72,"SJER_SJER_001_32.4.1",2019-04-23,0.5,"04240971-c30d-48d7-b3cc-37441562508d"
"Plagiobothrys nothofulvus (A. Gray) A. Gray",37.08,-119.74,"SJER_SJER_002_32.4.1",2019-04-23,2,"f84d339a-bfbd-410b-84a9-fd0ef8292c68"
"Bromus diandrus Roth",37.08,-119.74,"SJER_SJER_002_31.1.1",2019-04-23,1,"9d7147a1-60c0-4156-ace8-a7f495482af1"
"Erodium cicutarium (L.) L'Hér. ex Aiton",37.11,-119.72,"SJER_SJER_001_32.4.1",2019-04-23,10,"8f98ab61-6261-469c-8cd6-8d6ac37295d3"
"Trifolium microcephalum Pursh",37.08,-119.74,"SJER_SJER_002_40.1.1",2019-04-23,1,"ee474ba6-8ce8-4f73-8768-a2e11c65273f"
"Plagiobothrys nothofulvus (A. Gray) A. Gray",37.11,-119.72,"SJER_SJER_001_32.4.1",2019-04-23,0.5,"bb56d123-c757-4c21-beb1-718d7e264444"
"Erodium botrys (Cav.) Bertol.",37.08,-119.74,"SJER_SJER_002_40.1.1",2019-04-23,7,"a0e47542-4c9e-4361-abc4-276a24f68700"
"Trifolium microcephalum Pursh",37.08,-119.74,"SJER_SJER_002_32.4.1",2019-04-23,0.5,"5ffbf56b-ba51-40e1-9eef-0d59e0d89747"
"Bromus hordeaceus L.",37.08,-119.74,"SJER_SJER_002_40.1.1",2019-04-23,8,"9a594a15-0bba-4be8-b47c-1ba0f8c10bdd"
"Hordeum marinum Huds.",37.08,-119.74,"SJER_SJER_002_40.1.1",2019-04-23,15,"89e4534f-4590-439f-99d1-f60d73ce4011"
"Bromus hordeaceus L.",37.08,-119.74,"SJER_SJER_002_31.1.1",2019-04-23,10,"9a9bd59e-ea2f-44eb-8fcd-2d22fbeb57df"
"Geranium molle L.",37.11,-119.72,"SJER_SJER_001_32.2.1",2019-04-23,0.5,"6b75ddbc-8063-4a70-a97e-07422f4b5f5d"
"Avena barbata Pott ex Link",37.11,-119.72,"SJER_SJER_001_32.4.1",2019-04-23,2,"ccdb381a-4789-487b-babc-a0b27af3690a"
"Bromus tectorum L.",37.11,-119.72,"SJER_SJER_001_32.4.1",2019-04-23,0.5,"e4abaf52-99b9-4d4d-811c-b70cf8a616b9"
"Bromus diandrus Roth",37.08,-119.74,"SJER_SJER_002_40.1.1",2019-04-23,20,"e96bef76-bd15-4374-b33d-7205b7d5aa16"
"Bromus hordeaceus L.",37.08,-119.74,"SJER_SJER_002_32.4.1",2019-04-23,2,"fc1b58ce-953d-4a2a-8cb6-aca800239cc2"
"Bromus hordeaceus L.",37.11,-119.72,"SJER_SJER_001_32.4.1",2019-04-23,15,"83ca6954-8b7a-4310-b97b-e6d387966aef"
"Bromus hordeaceus L.",37.08,-119.74,"SJER_SJER_002_40.3.1",2019-04-23,15,"0e785817-b25e-4f5e-aa8c-07fb9f343fbe"
"Bromus tectorum L.",37.11,-119.72,"SJER_SJER_001_32.2.1",2019-04-23,5,"3762c82c-b081-4676-81b6-30562b16b02f"
"Hypochaeris glabra L.",37.08,-119.74,"SJER_SJER_002_40.1.1",2019-04-23,3,"1bdae7c4-6d6a-4d76-8e33-76a31d0a3e33"
"Hypochaeris glabra L.",37.08,-119.74,"SJER_SJER_002_32.2.1",2019-04-23,5,"83f85dfb-8086-407b-91fe-5f2042c733cc"
"Bromus rubens L.",37.08,-119.74,"SJER_SJER_002_31.1.1",2019-04-23,0.5,"e03984a6-464f-432f-a074-27e39de1d2bc"
"Hypochaeris glabra L.",37.11,-119.72,"SJER_SJER_001_32.4.1",2019-04-23,28,"5e1a2e1a-568b-4da7-ad44-6b82786e2d05"
"Quercus wislizeni A. DC.",37.11,-119.72,"SJER_SJER_001_32.2.1",2019-04-23,0.5,"ef3f6f14-ef5e-4d3c-8c4c-980dd9712eec"
"Trifolium microcephalum Pursh",37.08,-119.74,"SJER_SJER_002_31.1.1",2019-04-23,1,"62dcb5fc-2701-4680-867e-78297d95d77c"
"Cerastium glomeratum Thuill.",37.08,-119.74,"SJER_SJER_002_40.1.1",2019-04-23,2,"ae758261-abc7-4600-9284-cb011efce073"
"Erodium botrys (Cav.) Bertol.",37.08,-119.74,"SJER_SJER_002_32.4.1",2019-04-23,7,"9f94e6ac-5a8e-4871-be2e-e2a1bb3b9c53"
"Erodium botrys (Cav.) Bertol.",37.08,-119.74,"SJER_SJER_002_32.2.1",2019-04-23,1,"b97266b8-54c2-46b0-924e-11aa55d0b072"
"Bromus diandrus Roth",37.08,-119.74,"SJER_SJER_002_32.4.1",2019-04-23,5,"ebb01959-528c-4de7-a751-9ed6fb4f8c61"
"Clarkia purpurea (W. Curtis) A. Nelson & J.F. Macbr.",37.08,-119.74,"SJER_SJER_002_41.4.1",2019-04-23,0.5,"3ce5a121-dba5-4391-ba88-1efd96698c34"
"Croton setigerus Hook.",37.08,-119.74,"SJER_SJER_002_32.2.1",2019-04-23,0.5,"e60d7cbc-35e1-4c22-9c48-7521ea4ba85f"
"Erodium botrys (Cav.) Bertol.",37.08,-119.74,"SJER_SJER_002_40.3.1",2019-04-23,8,"b9114f05-7a01-4135-b1f3-a172a66e9be2"
"Bromus diandrus Roth",37.08,-119.74,"SJER_SJER_002_40.3.1",2019-04-23,7,"d4b64390-5948-4c1e-b845-a219518ea740"
"Plagiobothrys nothofulvus (A. Gray) A. Gray",37.08,-119.74,"SJER_SJER_002_40.3.1",2019-04-23,6,"ca30ed32-147c-4b2c-a6db-25e8c05e9f14"
"Avena barbata Pott ex Link",37.08,-119.74,"SJER_SJER_002_31.1.1",2019-04-23,1,"7f9772b6-71a6-4a07-8723-40a07a5f45c0"
"Lupinus bicolor Lindl.",37.08,-119.74,"SJER_SJER_002_31.1.1",2019-04-23,0.5,"d935013c-84fa-4e63-af8d-8e0fb7240574"
"Erodium botrys (Cav.) Bertol.",37.11,-119.73,"SJER_SJER_045_31.1.1",2019-04-24,3,"85b6815c-2398-46e5-ab16-02b28119d5ba"
"Geranium molle L.",37.11,-119.73,"SJER_SJER_045_41.4.1",2019-04-24,25,"ccb5e0c6-d81c-4b50-83b4-9bf87fc34848"
"Hypochaeris glabra L.",37.11,-119.73,"SJER_SJER_045_40.3.1",2019-04-24,7,"6be8e173-5e1d-4b85-a8cb-e08305bcb0dc"
"Hypochaeris glabra L.",37.11,-119.73,"SJER_SJER_045_40.1.1",2019-04-24,20,"52e8f468-e96d-411d-87e4-100f69ebb25a"
"Hypochaeris glabra L.",37.11,-119.73,"SJER_SJER_045_41.4.1",2019-04-24,1,"119a7cc7-2cc0-40c0-881d-14292f8d0ef9"
"Torilis arvensis (Huds.) Link",37.11,-119.73,"SJER_SJER_045_40.3.1",2019-04-24,1,"adc8507c-ec9b-47f9-ac20-862c432a824a"
"Avena barbata Pott ex Link",37.11,-119.73,"SJER_SJER_045_31.1.1",2019-04-24,0.5,"53dc02ee-8341-478e-906d-07221238aa5f"
"Silene gallica L.",37.11,-119.73,"SJER_SJER_045_40.1.1",2019-04-24,3,"e65229ea-ae59-4d06-aacb-48aec64af0f5"
"Aira caryophyllea L.",37.11,-119.73,"SJER_SJER_045_40.3.1",2019-04-24,0.5,"40d1a3a0-7d67-4fa4-9bdd-6e7defdbb1f1"
"Bromus hordeaceus L.",37.11,-119.73,"SJER_SJER_045_40.3.1",2019-04-24,2,"3b9194dd-0268-4bab-b6bc-946a426f510f"
"Trifolium willdenovii Spreng.",37.11,-119.73,"SJER_SJER_045_31.1.1",2019-04-24,1,"77886045-a42d-411a-9c78-8c209ca135b4"
"Bromus diandrus Roth",37.11,-119.73,"SJER_SJER_045_40.1.1",2019-04-24,3,"8671c6dc-342b-4d0a-8295-cfff7b28c6d7"
"Oxalis radicosa A. Rich.",37.11,-119.73,"SJER_SJER_045_40.3.1",2019-04-24,20,"868568b6-bdec-4123-97a0-f1d32bc49b5d"
"Pterostegia drymarioides Fisch. & C.A. Mey.",37.11,-119.73,"SJER_SJER_045_40.3.1",2019-04-24,10,"12fe61ab-ea10-468d-9df0-78e1d04c9783"
"Hypochaeris glabra L.",37.11,-119.73,"SJER_SJER_045_31.1.1",2019-04-24,5,"23ffede9-dec2-476b-bb5b-3733f6aed2e2"
"Claytonia perfoliata Donn ex Willd.",37.11,-119.73,"SJER_SJER_045_31.1.1",2019-04-24,1,"f27d0791-f62a-4771-9535-88a72d9a8a46"
"Bromus diandrus Roth",37.11,-119.73,"SJER_SJER_045_31.1.1",2019-04-24,5,"3755eb25-9c06-4926-9dae-5b8d04aa2553"
"Pterostegia drymarioides Fisch. & C.A. Mey.",37.11,-119.73,"SJER_SJER_045_40.1.1",2019-04-24,1,"88f6ff00-35a2-4bb2-9b90-bb19178d3f28"
"Carduus pycnocephalus L.",37.11,-119.73,"SJER_SJER_045_31.1.1",2019-04-24,6,"ddbf058d-215b-4781-9293-bb939ed69ea9"
"Aira caryophyllea L.",37.11,-119.73,"SJER_SJER_045_31.1.1",2019-04-24,1,"96c9dbd4-f4f7-46fe-83e4-efedf1023bf7"
"Bromus diandrus Roth",37.11,-119.73,"SJER_SJER_045_41.4.1",2019-04-24,2,"c0f5555c-9586-41c6-8ee8-d0a27b6f7bfd"
"Bromus hordeaceus L.",37.11,-119.73,"SJER_SJER_045_40.1.1",2019-04-24,15,"27b7503c-cb09-414a-bb94-17a87a29197f"
"Galium aparine L.",37.11,-119.73,"SJER_SJER_045_41.4.1",2019-04-24,2,"82733611-8095-45ba-be1b-4790a7451788"
"Galium aparine L.",37.11,-119.73,"SJER_SJER_045_31.1.1",2019-04-24,3,"ab70c1d9-eb4e-4627-b70f-58ab308fac6b"
"Aira caryophyllea L.",37.11,-119.73,"SJER_SJER_045_40.1.1",2019-04-24,5,"0979df59-9ab6-4dfc-a4d2-210539988770"
"Bromus hordeaceus L.",37.11,-119.73,"SJER_SJER_045_41.4.1",2019-04-24,20,"4b9592ed-b931-470d-8d89-fc885e44cf66"
"Bromus diandrus Roth",37.11,-119.73,"SJER_SJER_045_40.3.1",2019-04-24,15,"c7c12b06-78cb-4cd2-908f-faab0b3ed367"
"Clarkia purpurea (W. Curtis) A. Nelson & J.F. Macbr.",37.11,-119.73,"SJER_SJER_045_31.1.1",2019-04-24,2,"1142671f-7dda-4306-ae95-10b9e15f79db"
"Erodium botrys (Cav.) Bertol.",37.11,-119.73,"SJER_SJER_045_40.1.1",2019-04-24,5,"d6a7fffe-6871-4ffa-83af-59488d884169"
"Bromus hordeaceus L.",37.11,-119.73,"SJER_SJER_045_31.1.1",2019-04-24,35,"f56f24dd-cf2a-4e41-b044-49ac5c218032"
"Claytonia perfoliata Donn ex Willd.",37.11,-119.73,"SJER_SJER_045_40.3.1",2019-04-24,2,"ce320e36-773d-4d5c-bba7-d2d1acedb16a"
"Trifolium ciliolatum Benth.",37.11,-119.73,"SJER_SJER_045_40.1.1",2019-04-24,0.5,"bda3e9ad-7884-4439-a8cc-50ff85b45f42"
"Cerastium glomeratum Thuill.",37.11,-119.73,"SJER_SJER_045_31.1.1",2019-04-24,2,"4f3fce13-c55d-44bd-99c7-62c348452a41"
"Trifolium ciliolatum Benth.",37.11,-119.73,"SJER_SJER_045_41.4.1",2019-04-24,0.5,"00b92880-f087-4939-8910-ea90c4d3315c"
"Avena barbata Pott ex Link",37.11,-119.73,"SJER_SJER_045_40.1.1",2019-04-24,2,"1807dd8a-d68f-490c-8a18-fbc6a6b44cbe"
"Silene gallica L.",37.11,-119.73,"SJER_SJER_045_31.1.1",2019-04-24,1,"10230dcb-2277-46f6-af76-c1e6cb62c258"
"Galium aparine L.",37.11,-119.73,"SJER_SJER_045_40.1.1",2019-04-24,0.5,"6531843b-8fb4-4161-9b21-a22f20e758a4"
"Thysanocarpus curvipes Hook.",37.11,-119.73,"SJER_SJER_045_40.1.1",2019-04-24,1,"a63a20ca-0371-4833-a7db-ed7d4adf2c27"
"Pentagramma triangularis (Kaulf.) Yatsk., Windham & E. Wollenw.",37.11,-119.73,"SJER_SJER_045_40.3.1",2019-04-24,0.5,"4547454d-1bc2-40c0-86ac-a1b26044c09a"
"Oxalis radicosa A. Rich.",37.11,-119.73,"SJER_SJER_045_40.1.1",2019-04-24,0.5,"cd46a7fc-26bd-4eae-a529-0a22a52f2e1e"
"Trifolium microcephalum Pursh",37.11,-119.73,"SJER_SJER_045_31.1.1",2019-04-24,3,"a57f9d51-2a36-4293-bad6-502c5eb8f1ae"
"Avena barbata Pott ex Link",37.11,-119.73,"SJER_SJER_045_32.4.1",2019-04-25,0.5,"8f9be21b-8f1c-45b8-bb1b-a1b78e06beb6"
"Plagiobothrys nothofulvus (A. Gray) A. Gray",37.11,-119.75,"SJER_SJER_004_32.2.1",2019-04-25,20,"e55d11e6-47cf-4893-9852-6d31b6985fe8"
"Logfia gallica (L.) Coss. & Germ.",37.11,-119.75,"SJER_SJER_004_32.4.1",2019-04-25,1,"0f31a0c4-bc00-458a-844d-6c9ec9b70876"
"Bromus diandrus Roth",37.11,-119.73,"SJER_SJER_045_32.2.1",2019-04-25,25,"d9a60ad0-ba7c-4aad-9b6f-b0fb9b0af827"
"Erodium botrys (Cav.) Bertol.",37.12,-119.75,"SJER_SJER_005_31.1.1",2019-04-25,2,"40ffb03e-5acf-441a-969b-a4dec36a5aff"
"Erodium botrys (Cav.) Bertol.",37.12,-119.75,"SJER_SJER_005_32.2.1",2019-04-25,1,"40e3605e-79fa-4464-9884-47180c8b2e4e"
"Carduus pycnocephalus L.",37.12,-119.75,"SJER_SJER_005_32.2.1",2019-04-25,10,"a6aae3fb-dc9e-4a8a-b953-f198a11af8cd"
"Avena barbata Pott ex Link",37.12,-119.75,"SJER_SJER_005_32.4.1",2019-04-25,0.5,"c8ac369a-826b-4067-a8e8-dbf93e0d8e18"
"Erodium botrys (Cav.) Bertol.",37.11,-119.75,"SJER_SJER_004_32.4.1",2019-04-25,1,"14e78e84-3e39-481a-8029-e2b317d17462"
"Trifolium ciliolatum Benth.",37.11,-119.73,"SJER_SJER_045_32.2.1",2019-04-25,1,"6152a55c-8dfb-4625-bab0-f4b1e7c5dc91"
"Pterostegia drymarioides Fisch. & C.A. Mey.",37.11,-119.73,"SJER_SJER_045_32.2.1",2019-04-25,30,"e177919e-5e21-484f-9ce1-1368d127bdbf"
"Croton setigerus Hook.",37.11,-119.75,"SJER_SJER_004_32.4.1",2019-04-25,0.5,"88866ec9-40e5-4c20-8b6f-46843a139873"
"Erodium botrys (Cav.) Bertol.",37.11,-119.75,"SJER_SJER_004_32.2.1",2019-04-25,5,"a75367e5-2870-4023-b550-0a4e97779f62"
"Trifolium microcephalum Pursh",37.11,-119.75,"SJER_SJER_004_32.2.1",2019-04-25,2,"451a851b-b965-4270-98d9-2a59b54303e9"
"Bromus hordeaceus L.",37.12,-119.75,"SJER_SJER_005_31.1.1",2019-04-25,9,"c54a7387-bc8a-46e9-8fbd-d1e766ba6471"
"Lewisia triphylla (S. Watson) B.L. Rob.",37.11,-119.73,"SJER_SJER_045_32.4.1",2019-04-25,1,"df2dd526-7683-4a9a-b5a0-d4cc186aa18c"
"Bromus diandrus Roth",37.11,-119.75,"SJER_SJER_004_32.2.1",2019-04-25,17,"a79d482d-5b04-46d0-a9b7-a4f8de58ff53"
"Silene gallica L.",37.11,-119.73,"SJER_SJER_045_32.2.1",2019-04-25,1,"7ae82378-9371-4979-98b7-b0e3d6f9004e"
"Cerastium glomeratum Thuill.",37.11,-119.73,"SJER_SJER_045_32.2.1",2019-04-25,0.5,"764fb987-049f-42ec-8476-6d0bde390dac"
"Bromus hordeaceus L.",37.11,-119.73,"SJER_SJER_045_32.2.1",2019-04-25,10,"1f324f6f-10c7-4d70-ad69-4871c0cebff2"
"Galium aparine L.",37.11,-119.75,"SJER_SJER_004_32.2.1",2019-04-25,0.5,"3135564b-4e05-4f0a-9327-6e3852353749"
"Avena barbata Pott ex Link",37.11,-119.75,"SJER_SJER_004_32.2.1",2019-04-25,0.5,"0abd309b-f81a-41f0-bcf0-a07b2ed2f58a"
"Silene gallica L.",37.12,-119.75,"SJER_SJER_005_31.1.1",2019-04-25,0.5,"c10739e8-eb4d-473f-aef2-9ca5ce8f85e0"
"Bromus hordeaceus L.",37.12,-119.75,"SJER_SJER_005_32.2.1",2019-04-25,51,"456ff763-1ddd-4a57-be76-c4069e6bc81b"
"Lupinus bicolor Lindl.",37.11,-119.75,"SJER_SJER_004_32.2.1",2019-04-25,1,"43e5a0c8-c887-4205-a757-e884c2a62771"
"Geranium molle L.",37.11,-119.73,"SJER_SJER_045_32.4.1",2019-04-25,3,"76aa4094-6988-4b9e-a944-a85322eec942"
"Bromus diandrus Roth",37.12,-119.75,"SJER_SJER_005_32.4.1",2019-04-25,0.5,"6b5f548b-bb49-4714-af98-4c89d841f9d3"
"Amsinckia menziesii (Lehm.) A. Nelson & J.F. Macbr.",37.11,-119.73,"SJER_SJER_045_32.2.1",2019-04-25,0.5,"121caa16-362c-40fe-a039-d6d1f0ebc065"
"Thysanocarpus curvipes Hook.",37.11,-119.73,"SJER_SJER_045_32.4.1",2019-04-25,0.5,"353063dc-872c-40ac-a048-b74355675b43"
"Erodium botrys (Cav.) Bertol.",37.11,-119.73,"SJER_SJER_045_32.4.1",2019-04-25,2,"9f2a4c07-ffdb-40ea-8673-dfe14a0f7d6c"
"Silene gallica L.",37.12,-119.75,"SJER_SJER_005_32.2.1",2019-04-25,0.5,"2c5d6aa8-84a8-4fbf-a140-5e7c5de7ef4c"
"Oxalis radicosa A. Rich.",37.11,-119.73,"SJER_SJER_045_32.2.1",2019-04-25,1,"832bbfbf-8dec-413a-9272-984619ad98ff"
"Hypochaeris glabra L.",37.11,-119.75,"SJER_SJER_004_32.4.1",2019-04-25,3,"f1e79318-a182-4135-96a9-89dc0e13fa28"
"Plagiobothrys nothofulvus (A. Gray) A. Gray",37.11,-119.75,"SJER_SJER_004_32.4.1",2019-04-25,0.5,"f9b57bab-2a7e-46fb-8127-261124656061"
"Bromus rubens L.",37.11,-119.75,"SJER_SJER_004_32.4.1",2019-04-25,0.5,"f796f862-0aa9-498c-8f65-7f267bee453c"
"Trifolium microcephalum Pursh",37.11,-119.73,"SJER_SJER_045_32.4.1",2019-04-25,0.5,"f4cbbd21-deee-4284-8a93-66bac4e6e136"
"Bromus hordeaceus L.",37.11,-119.75,"SJER_SJER_004_32.4.1",2019-04-25,2,"6829f55b-831e-46e7-824b-8b63f84aa3c7"
"Trifolium ciliolatum Benth.",37.11,-119.73,"SJER_SJER_045_32.4.1",2019-04-25,5,"1677e657-f02e-411e-8a0a-6db3c7f75a27"
"Galium aparine L.",37.11,-119.73,"SJER_SJER_045_32.4.1",2019-04-25,1,"4ba0fef8-6951-4693-ad65-e7831d79875f"
"Pterostegia drymarioides Fisch. & C.A. Mey.",37.11,-119.73,"SJER_SJER_045_32.4.1",2019-04-25,4,"53188b8c-a79d-4922-a3e8-ba117fcb5b19"
"Erodium cicutarium (L.) L'Hér. ex Aiton",37.11,-119.75,"SJER_SJER_004_32.2.1",2019-04-25,0.5,"9a58c82b-6601-4a18-8f2f-6b52e0f18ba9"
"Hypochaeris glabra L.",37.11,-119.73,"SJER_SJER_045_32.2.1",2019-04-25,3,"c8732e3d-d357-4f98-a40f-6a422be6dede"
"Erodium botrys (Cav.) Bertol.",37.12,-119.75,"SJER_SJER_005_32.4.1",2019-04-25,6,"2377b1df-01af-4751-be7d-0c97b0da31bc"
"Avena barbata Pott ex Link",37.12,-119.75,"SJER_SJER_005_32.2.1",2019-04-25,0.5,"c3926b46-e458-46c5-bcc8-d35d7652f0b8"
"Hypochaeris glabra L.",37.12,-119.75,"SJER_SJER_005_32.2.1",2019-04-25,5,"1a90836f-48e5-447b-add0-97ada096e801"
"Hypochaeris glabra L.",37.11,-119.73,"SJER_SJER_045_32.4.1",2019-04-25,12,"68c952ce-d4fc-4db1-8856-510ebaa1f291"
"Hypochaeris glabra L.",37.12,-119.75,"SJER_SJER_005_31.1.1",2019-04-25,0.5,"486f6762-f40a-4d65-9974-bf6e46070cf6"
"Hordeum murinum L.",37.12,-119.75,"SJER_SJER_005_32.2.1",2019-04-25,2,"1071dd3b-37b8-4f9a-94ee-4c42c00768dc"
"Pterostegia drymarioides Fisch. & C.A. Mey.",37.11,-119.75,"SJER_SJER_004_32.4.1",2019-04-25,0.5,"98a705db-ee6d-4926-82c8-39c9580c01ed"
"Bromus hordeaceus L.",37.11,-119.75,"SJER_SJER_004_32.2.1",2019-04-25,20,"6175ec8e-0e50-427f-8aae-0198f58718f6"
"Plagiobothrys nothofulvus (A. Gray) A. Gray",37.12,-119.75,"SJER_SJER_005_32.4.1",2019-04-25,1,"039cd9d5-1e4c-48c4-879b-4ef55ea68cbd"
"Carduus pycnocephalus L.",37.11,-119.73,"SJER_SJER_045_32.2.1",2019-04-25,12,"e35bdc74-077c-4d31-98f4-85503ccd445e"
"Bromus diandrus Roth",37.11,-119.75,"SJER_SJER_004_32.4.1",2019-04-25,5,"9247678f-cd95-455e-904b-704e5d9149af"
"Silene gallica L.",37.12,-119.75,"SJER_SJER_005_32.4.1",2019-04-25,0.5,"cdca551c-1c91-48d2-af7f-30c35baab045"
"Silene gallica L.",37.11,-119.73,"SJER_SJER_045_32.4.1",2019-04-25,2,"2938ea4e-c5e3-442c-94f4-0fcd99c4588d"
"Trifolium ciliolatum Benth.",37.11,-119.75,"SJER_SJER_004_32.2.1",2019-04-25,1,"6515ee20-251b-421b-8eea-c8020c2027e5"
"Avena barbata Pott ex Link",37.12,-119.75,"SJER_SJER_005_31.1.1",2019-04-25,0.5,"2ee16e97-0053-4f02-b568-8a046895a596"
"Bromus rubens L.",37.12,-119.75,"SJER_SJER_005_32.4.1",2019-04-25,22,"8bf6859b-66ad-4cb9-865d-1d204b4a1a92"
"Aira caryophyllea L.",37.11,-119.73,"SJER_SJER_045_32.4.1",2019-04-25,30,"fb8b6ea5-5a72-4b43-93c8-41ace657438d"
"Clarkia purpurea (W. Curtis) A. Nelson & J.F. Macbr.",37.12,-119.75,"SJER_SJER_005_31.1.1",2019-04-25,0.5,"95ef889b-7fe8-4bb5-babe-a4f16d965a13"
"Hordeum murinum L.",37.11,-119.73,"SJER_SJER_045_32.2.1",2019-04-25,1,"a88ac550-0354-412b-b2e3-28bb2d6e1392"
"Trifolium microcephalum Pursh",37.11,-119.75,"SJER_SJER_004_32.4.1",2019-04-25,0.5,"4a79d870-b06e-45bf-aaa0-e0ed468e10bb"
"Layia pentachaeta A. Gray",37.11,-119.73,"SJER_SJER_045_32.4.1",2019-04-25,1,"ead40351-9de4-4af1-b3e2-9e1710969680"
"Hypochaeris glabra L.",37.11,-119.75,"SJER_SJER_004_32.2.1",2019-04-25,4,"8bf88b8a-26a7-4ba5-8bb0-2529fecb70a9"
"Geranium molle L.",37.11,-119.73,"SJER_SJER_045_32.2.1",2019-04-25,0.5,"ef04288e-62ab-4916-bd72-8335b6b05745"
"Bromus diandrus Roth",37.11,-119.73,"SJER_SJER_045_32.4.1",2019-04-25,4,"df88a6e3-ce26-49eb-bf24-d6c8326fdb1d"
"Avena barbata Pott ex Link",37.11,-119.75,"SJER_SJER_004_32.4.1",2019-04-25,0.5,"a7bfffbf-5aad-4ae2-8208-c9d4b42a9ff8"
"Croton setigerus Hook.",37.11,-119.75,"SJER_SJER_004_32.2.1",2019-04-25,0.5,"4f67f307-bb19-4fc5-a5b9-541fd3c207de"
"Bromus hordeaceus L.",37.11,-119.73,"SJER_SJER_045_32.4.1",2019-04-25,4,"0b24bbd1-c4e3-4b46-9dac-45070f5ee4ff"
"Erodium botrys (Cav.) Bertol.",37.11,-119.73,"SJER_SJER_045_32.2.1",2019-04-25,1,"fe4b8109-925d-4ba1-bd41-d7e3c41fcd88"
"Carduus pycnocephalus L.",37.12,-119.75,"SJER_SJER_005_32.4.1",2019-04-25,1,"db033da1-2a1b-483c-89ca-43f62168a31c"
"Hypochaeris glabra L.",37.12,-119.75,"SJER_SJER_005_32.4.1",2019-04-25,2,"5c5658fb-e884-4358-af6a-413e5a6455fc"
"Hordeum murinum L.",37.11,-119.75,"SJER_SJER_004_40.1.1",2019-04-29,20,"9e552852-c8b2-4dfc-8577-32afc8dfda31"
"Aira caryophyllea L.",37.11,-119.75,"SJER_SJER_004_41.4.1",2019-04-29,0.5,"df62032d-f344-45d7-bce9-290377bda589"
"Trifolium microcephalum Pursh",37.11,-119.75,"SJER_SJER_004_40.1.1",2019-04-29,1,"093c2e08-4f76-49fe-bc88-054ea36bcf6e"
"Clarkia purpurea (W. Curtis) A. Nelson & J.F. Macbr.",37.11,-119.75,"SJER_SJER_004_41.4.1",2019-04-29,0.5,"f6b4c2cc-eea0-4038-98c9-74d1058ac143"
"Pterostegia drymarioides Fisch. & C.A. Mey.",37.11,-119.75,"SJER_SJER_004_41.4.1",2019-04-29,2,"9ec6b950-d48a-4838-b4dd-eab0d671dbd1"
"Hordeum murinum L.",37.11,-119.75,"SJER_SJER_004_40.3.1",2019-04-29,2,"f9e8e3cf-cc25-42a2-8f0f-940fa5fbeecf"
"Croton setigerus Hook.",37.11,-119.75,"SJER_SJER_004_40.1.1",2019-04-29,0.5,"7ccbd5b7-3807-40be-9aac-b282ff4000a4"
"Carduus pycnocephalus L.",37.11,-119.75,"SJER_SJER_004_40.1.1",2019-04-29,5,"67fb612d-dbdf-4b87-8011-f4ed77ab8327"
"Plagiobothrys canescens Benth.",37.11,-119.75,"SJER_SJER_004_40.3.1",2019-04-29,2,"04508f40-bce3-4290-9232-e70f0fcd108b"
"Pterostegia drymarioides Fisch. & C.A. Mey.",37.11,-119.75,"SJER_SJER_004_40.3.1",2019-04-29,0.5,"abbc84de-5303-4650-813b-612eae07087c"
"Amsinckia menziesii (Lehm.) A. Nelson & J.F. Macbr.",37.11,-119.75,"SJER_SJER_004_40.3.1",2019-04-29,0.5,"faa583b3-56a7-4fe8-a42c-cc694ad03db7"
"Galium aparine L.",37.11,-119.75,"SJER_SJER_004_41.4.1",2019-04-29,1,"65024da2-a79f-4820-96aa-1ec6c28e0f4d"
"Avena barbata Pott ex Link",37.11,-119.75,"SJER_SJER_004_40.1.1",2019-04-29,1,"f477cf9c-c033-40a9-9206-3827dd271390"
"Bromus hordeaceus L.",37.11,-119.75,"SJER_SJER_004_41.4.1",2019-04-29,5,"9442a7d8-a302-44e4-b664-9821d8b54470"
"Bromus diandrus Roth",37.11,-119.75,"SJER_SJER_004_40.3.1",2019-04-29,10,"30533ae0-22ae-40f4-bf95-b74ac6e0b305"
"Lolium perenne L.",37.11,-119.75,"SJER_SJER_004_40.1.1",2019-04-29,0.5,"f8540f8d-aa17-4966-a936-19035f1114a1"
"Poa secunda J. Presl",37.11,-119.75,"SJER_SJER_004_41.4.1",2019-04-29,7,"17c64ed7-8034-4c53-9409-2aff5d29ac44"
"Bromus rubens L.",37.11,-119.75,"SJER_SJER_004_40.1.1",2019-04-29,0.5,"afe43013-bc11-46ae-93f8-b48b0af21856"
"Trifolium microcephalum Pursh",37.11,-119.75,"SJER_SJER_004_40.3.1",2019-04-29,0.5,"1955467f-4fc0-4229-9b97-c7dcaa4d53fa"
"Hypochaeris glabra L.",37.11,-119.75,"SJER_SJER_004_41.4.1",2019-04-29,2,"d87116e4-e536-4215-9709-31e5b01916f1"
"Galium aparine L.",37.11,-119.75,"SJER_SJER_004_40.3.1",2019-04-29,5,"1358382a-3e9d-4c38-83ab-b06739e98724"
"Avena barbata Pott ex Link",37.11,-119.75,"SJER_SJER_004_41.4.1",2019-04-29,1,"08a92965-201e-4fa9-bc86-34e3689e04b3"
"Bromus diandrus Roth",37.11,-119.75,"SJER_SJER_004_40.1.1",2019-04-29,5,"a19c1989-d57b-401d-9667-a863c49872dd"
"Oxalis radicosa A. Rich.",37.11,-119.75,"SJER_SJER_004_40.1.1",2019-04-29,5,"478ffe5e-0790-47ec-9459-0191cd4efa0c"
"Trifolium ciliolatum Benth.",37.11,-119.75,"SJER_SJER_004_40.3.1",2019-04-29,1,"98829558-bfc5-487b-a2a1-a37d6106cc38"
"Carduus pycnocephalus L.",37.11,-119.75,"SJER_SJER_004_41.4.1",2019-04-29,0.5,"50b8900a-d80c-4113-b1cb-721ab4dfe82a"
"Croton setigerus Hook.",37.11,-119.75,"SJER_SJER_004_40.3.1",2019-04-29,0.5,"b7480ee2-de74-42dd-9bbc-aae643e31659"
"Bromus hordeaceus L.",37.11,-119.75,"SJER_SJER_004_40.3.1",2019-04-29,6,"52775cf8-9aab-49cd-9ffe-17bed07add98"
"Bromus hordeaceus L.",37.11,-119.75,"SJER_SJER_004_40.1.1",2019-04-29,25,"51548d5b-dfdc-4192-a8c0-e99fd52c6847"
"Avena barbata Pott ex Link",37.11,-119.75,"SJER_SJER_004_40.3.1",2019-04-29,3,"ea40cfec-8466-4706-90ba-16110f2dad5c"
"Amsinckia menziesii (Lehm.) A. Nelson & J.F. Macbr.",37.11,-119.75,"SJER_SJER_004_40.1.1",2019-04-29,5,"74da9103-1f6b-4ca4-9dbe-8d34ae5075fb"
"Galium aparine L.",37.11,-119.75,"SJER_SJER_004_40.1.1",2019-04-29,4,"b57c2f23-4e16-4846-9a9b-69308bb3da04"
"Logfia gallica (L.) Coss. & Germ.",37.11,-119.75,"SJER_SJER_004_41.4.1",2019-04-29,4,"3a92baa1-5b15-43e5-bc8d-f29c7b497f5e"
"Bromus diandrus Roth",37.11,-119.75,"SJER_SJER_004_41.4.1",2019-04-29,1,"52bd275b-6213-4a3c-9a22-d72822524d21"
"Daucus pusillus Michx.",37.11,-119.75,"SJER_SJER_004_41.4.1",2019-04-29,0.5,"0997d0a1-1019-4f57-a2f6-38737229d022"
"Oxalis radicosa A. Rich.",37.11,-119.75,"SJER_SJER_004_40.3.1",2019-04-29,1,"6623a11e-b7bc-4769-bd34-325a9330bcc3"
"Amsinckia menziesii (Lehm.) A. Nelson & J.F. Macbr.",37.11,-119.75,"SJER_SJER_004_41.4.1",2019-04-29,2,"5dd0552f-f8b0-41a4-a962-7dd0c401dd4c"
"Thysanocarpus curvipes Hook.",37.11,-119.75,"SJER_SJER_004_41.4.1",2019-04-29,0.5,"c7dbb9a7-8c58-48a2-bdca-05023a012966"
"Hypochaeris glabra L.",37.11,-119.75,"SJER_SJER_004_40.3.1",2019-04-29,2,"beb90caf-d115-4db5-903e-b09366bdade7"
"Bromus rubens L.",37.11,-119.75,"SJER_SJER_004_41.4.1",2019-04-29,0.5,"b5990983-57ba-4e81-a16d-f88d22d224e6"
"Bromus diandrus Roth",37.11,-119.73,"SJER_SJER_046_31.1.1",2019-04-30,15,"1a88caea-bc8b-4c56-8afc-544149f3c458"
"Erodium botrys (Cav.) Bertol.",37.11,-119.73,"SJER_SJER_046_40.3.1",2019-04-30,5,"ac7170a3-4f59-4e78-b401-a592c2bd98c4"
"Galium aparine L.",37.11,-119.75,"SJER_SJER_004_31.1.1",2019-04-30,1,"1679b91b-1c8a-4ecb-be53-7a4784368169"
"Bromus hordeaceus L.",37.11,-119.73,"SJER_SJER_046_40.1.1",2019-04-30,15,"7f135c52-9cdb-4a22-86a3-4df9509a4752"
"Carduus pycnocephalus L.",37.11,-119.75,"SJER_SJER_004_31.1.1",2019-04-30,7,"0d1f3e18-1bfd-4e91-8574-028b7d56ce2a"
"Oxalis radicosa A. Rich.",37.11,-119.75,"SJER_SJER_004_31.1.1",2019-04-30,8,"88d41e89-801c-48b9-bcb8-eb348cffb0ba"
"Juncus bufonius L.",37.11,-119.75,"SJER_SJER_004_31.1.1",2019-04-30,1,"055d7586-987f-4773-a0df-ad28ef08a71e"
"Trifolium obtusiflorum Hook. f.",37.11,-119.75,"SJER_SJER_004_31.1.1",2019-04-30,4,"966e8675-c611-4bc0-a51e-05e5a32fddb2"
"Daucus pusillus Michx.",37.11,-119.75,"SJER_SJER_004_31.1.1",2019-04-30,0.5,"51632b7a-def0-41fa-ac08-2f6e81a7c34f"
"Carduus pycnocephalus L.",37.11,-119.73,"SJER_SJER_046_40.1.1",2019-04-30,6,"6251891d-75b6-412b-8a71-a371395e35de"
"Trifolium microcephalum Pursh",37.11,-119.73,"SJER_SJER_046_31.1.1",2019-04-30,0.5,"e591ed1e-7236-4761-8cad-827af16e772b"
"Bromus hordeaceus L.",37.11,-119.73,"SJER_SJER_046_40.3.1",2019-04-30,15,"3ec8d9c6-d853-42c0-b83c-edf9afb08e7f"
"Galium parisiense L.",37.11,-119.73,"SJER_SJER_046_31.1.1",2019-04-30,1,"851f58b1-4c5b-4f33-b736-f28ac563b6bb"
"Silene gallica L.",37.11,-119.73,"SJER_SJER_046_40.3.1",2019-04-30,1,"7a9d8615-1e8e-48e4-ac42-a908d4274b5d"
"Carduus pycnocephalus L.",37.11,-119.73,"SJER_SJER_046_31.1.1",2019-04-30,25,"ae5b3746-2896-445c-80e0-20f969ee52ed"
"Hypochaeris glabra L.",37.11,-119.73,"SJER_SJER_046_40.1.1",2019-04-30,1,"f067d84b-b42f-4fd5-84d5-2f9ec0e6eaa6"
"Bromus diandrus Roth",37.11,-119.75,"SJER_SJER_004_31.1.1",2019-04-30,1,"13f32d85-06a1-4a16-af5e-a0c4701d2977"
"Bromus hordeaceus L.",37.11,-119.73,"SJER_SJER_046_31.1.1",2019-04-30,5,"0c999a57-cc10-424c-8fd8-9889fcacce95"
"Trifolium willdenovii Spreng.",37.11,-119.75,"SJER_SJER_004_31.1.1",2019-04-30,13,"acf32be1-8090-4cb3-a488-71d07f5bbc46"
"Hypochaeris glabra L.",37.11,-119.73,"SJER_SJER_046_40.3.1",2019-04-30,7,"a2bfec36-667c-459d-b2f0-600303f19fa2"
"Lolium perenne L.",37.11,-119.75,"SJER_SJER_004_31.1.1",2019-04-30,2,"cb5de7c0-2365-43dd-8dc0-018e4baae1e3"
"Trifolium microcephalum Pursh",37.11,-119.73,"SJER_SJER_046_40.1.1",2019-04-30,10,"4d8b4d1f-671c-4757-b439-574410483b45"
"Trifolium microcephalum Pursh",37.11,-119.73,"SJER_SJER_046_40.3.1",2019-04-30,0.5,"3bd5210c-4e16-4053-b29f-a48a2c405555"
"Avena barbata Pott ex Link",37.11,-119.73,"SJER_SJER_046_40.3.1",2019-04-30,0.5,"a9e60fec-2ca8-4d2c-b55d-c64b30adde37"
"Bromus hordeaceus L.",37.11,-119.75,"SJER_SJER_004_31.1.1",2019-04-30,5,"acd80dc4-b1f7-4340-a7ce-c0b0cc589cc1"
"Hordeum murinum L.",37.11,-119.75,"SJER_SJER_004_31.1.1",2019-04-30,1,"6302dd0c-7168-462b-b3ab-4509a3568ec1"
"Bromus diandrus Roth",37.11,-119.73,"SJER_SJER_046_40.3.1",2019-04-30,2,"3d6f1101-35f9-4c0c-9bad-052059c01845"
"Poa annua L.",37.11,-119.75,"SJER_SJER_004_31.1.1",2019-04-30,0.5,"81200c32-6627-49ca-be5c-a089f966c4f8"
"Bromus tectorum L.",37.11,-119.75,"SJER_SJER_004_31.1.1",2019-04-30,0.5,"450ec697-3452-42f8-8f4c-7132d1643d51"
"Cerastium glomeratum Thuill.",37.11,-119.73,"SJER_SJER_046_40.1.1",2019-04-30,2,"e21f469f-74b1-44db-aa5b-5a258892d3ea"
"Avena barbata Pott ex Link",37.11,-119.75,"SJER_SJER_004_31.1.1",2019-04-30,0.5,"0647525a-df73-4e53-afcf-a1ac0068d29a"
"Avena barbata Pott ex Link",37.11,-119.73,"SJER_SJER_046_31.1.1",2019-04-30,0.5,"20ba25c4-6149-4ec8-ba67-bf29fee30309"
"Pterostegia drymarioides Fisch. & C.A. Mey.",37.11,-119.73,"SJER_SJER_046_31.1.1",2019-04-30,5,"9991ae21-9a62-4f96-b042-94312f98a21c"
"Aira caryophyllea L.",37.11,-119.75,"SJER_SJER_004_31.1.1",2019-04-30,1,"923fdc5c-5ce8-4202-9439-8524fd88c0de"
"Silene gallica L.",37.11,-119.73,"SJER_SJER_046_40.1.1",2019-04-30,0.5,"514c3dfd-4789-48e4-b61a-fb741ab9d5ac"
"Logfia gallica (L.) Coss. & Germ.",37.11,-119.75,"SJER_SJER_004_31.1.1",2019-04-30,0.5,"010abc94-2880-45c5-8bff-f0627d1521e2"
"Geranium molle L.",37.11,-119.73,"SJER_SJER_046_40.3.1",2019-04-30,0.5,"c1c68d4a-bae9-48c7-b93b-580f003bb1e6"
"Trifolium willdenovii Spreng.",37.11,-119.73,"SJER_SJER_046_40.1.1",2019-04-30,0.5,"95b2d444-6e8c-4939-bc71-d543f158b5f2"
"Hordeum murinum L.",37.11,-119.73,"SJER_SJER_046_31.1.1",2019-04-30,3,"f2b32665-dff2-457d-9ba3-8cf19ebca622"
"Briza minor L.",37.11,-119.75,"SJER_SJER_004_31.1.1",2019-04-30,0.5,"8716ce81-ed13-4a25-b564-9f877fc82f7d"
"Geranium molle L.",37.11,-119.73,"SJER_SJER_046_40.1.1",2019-04-30,0.5,"5ce2d510-143b-4d91-b43a-4771c51c56ee"
"Mimulus guttatus DC.",37.11,-119.75,"SJER_SJER_004_31.1.1",2019-04-30,4,"2c26b7a5-c3e6-419f-9439-9c45ca7c4270"
"Trifolium microcephalum Pursh",37.11,-119.75,"SJER_SJER_004_31.1.1",2019-04-30,1,"af3e4f11-ee17-4e28-98aa-cd26243c61e8"
"Trifolium ciliolatum Benth.",37.11,-119.73,"SJER_SJER_046_40.3.1",2019-04-30,3,"4ac6179d-927a-46c2-9c81-3aceca3063bc"
"Bromus diandrus Roth",37.11,-119.73,"SJER_SJER_046_40.1.1",2019-04-30,45,"1a7c822e-fb1b-454c-a5db-4eccaf62b203"
"Hypochaeris glabra L.",37.11,-119.75,"SJER_SJER_004_31.1.1",2019-04-30,6,"08e47bdd-eeb4-4ecf-9bcb-ad527d9f897f"
"Lythrum hyssopifolium L.",37.11,-119.75,"SJER_SJER_004_31.1.1",2019-04-30,0.5,"0d97d14f-2c7d-4a54-944e-380e6a741739"
"Hypochaeris glabra L.",37.11,-119.73,"SJER_SJER_046_31.1.1",2019-04-30,2,"f7157fe8-b0ae-44c7-9f6c-78554293a84e"
"Lupinus bicolor Lindl.",37.11,-119.73,"SJER_SJER_046_40.3.1",2019-04-30,0.5,"44ab9d7f-d341-406e-98de-e7a68f76187e"
